{
  "auto_coalesce_slot_item": {
    "type": "panel",
    "size": ["100%", 0],
    "controls": [
      {
        "input_panel": {
          "type": "input_panel",
          "size": ["100%", "100%x"],
          "anchor_from": "top_left",
          "anchor_to": "top_left",
          "consume_hover_events": false,
          "visible": false,
          "button_mappings": [
            {"from_button_id": "button.menu_select", "to_button_id": "button.container_auto_place", "mapping_type": "pressed", "consume_event": false},
            {"from_button_id": "button.menu_ok", "to_button_id": "button.container_auto_place", "mapping_type": "focused", "consume_event": false}
          ],
          "bindings": [
            {"binding_name": "#item_id_aux", "binding_type": "collection", "binding_collection_name": "$item_collection_name"},
            {"binding_type": "collection_details", "binding_collection_name": "$item_collection_name"},
            {"binding_type": "view", "source_property_name": "(not(#item_id_aux=-1))", "target_property_name": "#visible"}
          ]
        }
      }
    ]
  },

  "auto_coalesce_button_prototype": {
    "type": "stack_panel",
    "$length|default": 27,
    "offset": [0, -10],
    "property_bag": {"#length": "$length"},
    "factory": {"control_name": "chest.auto_coalesce_slot_item"},
    "collection_name": "$item_collection_name",
    "bindings": [
      {"binding_type": "view", "source_property_name": "(#length*1)", "target_property_name": "#collection_length"}
    ]
  },

  "auto_coalesce": {
    "type": "panel",
    "anchor_from": "bottom_right",
    "anchor_to": "bottom_right",
    "offset": [30, 0],
    "size": [20, 150],
    "$chest_length|default": 27,
    "controls": [
      {"putIn@chest.auto_coalesce_button_prototype": {"$item_collection_name": "inventory_items", "offset": [0, -30]}},
      {"putOut@chest.auto_coalesce_button_prototype": {"$item_collection_name": "container_items", "$length": "$chest_length"}},
      {"putIn_button@common_buttons.dark_glyph_button": {"size": [20, 20], "$content_texture": "textures/ui/up_arrow", "$button_content": "chest.custom_glyph_button_content", "offset": [0, -20], "layer": -1, "$hover_text": "Put in to Container"}},
      {"putOut_button@common_buttons.dark_glyph_button": {"size": [20, 20], "$content_texture": "textures/ui/down_arrow", "$button_content": "chest.custom_glyph_button_content", "layer": -1, "$hover_text": "Pick up to Inventory"}}
    ]
  },

  "custom_glyph_button_content": {
    "type": "image",
    "texture": "$content_texture",
    "controls": [
      {"hover_text@common.hover_text": {"ignored": "(not $hover_state)", "property_bag": {"#hover": "$hover_text"}, "bindings": [{"binding_type": "view", "source_property_name": "#hover", "target_property_name": "#hover_text"}]}}
    ]
  },

  "small_chest_panel/root_panel": {"modifications": [{"array_name": "controls", "operation": "insert_back", "value": {"auto_coalesce@chest.auto_coalesce": {}}}]},
  "large_chest_panel/root_panel": {"$chest_length": 54, "modifications": [{"array_name": "controls", "operation": "insert_back", "value": {"auto_coalesce@chest.auto_coalesce": {}}}]
  }
}
